"VoZI3 href","UBTQd src","s954l","k9MOS","W990N","JBNAy","PneWB","Hc9FH"
"https://www.nintendo.com/us/store/products/xenoblade-chronicles-x-definitive-edition-switch/","https://assets.nintendo.com/image/fetch/q_auto/f_auto/https://atum-img-lp1.cdn.nintendo.net/i/c/609e837a4e094898a2713aecf24d22bd_1024","Xenoblade Chronicles™ X: Definitive Edition","3/20/25","$59.99","Regular Price:","Games",""
"https://www.nintendo.com/us/store/products/donkey-kong-country-returns-hd-switch/","https://assets.nintendo.com/image/fetch/q_auto/f_auto/https://atum-img-lp1.cdn.nintendo.net/i/c/60f29fafdcfe4b42ac2b74dd930fd620_1024","Donkey Kong Country™ Returns HD","1/16/25","$59.99","Regular Price:","Games","Free demo"
"https://www.nintendo.com/us/store/products/fitness-boxing-3-your-personal-trainer-switch/","https://assets.nintendo.com/image/fetch/q_auto/f_auto/https://atum-img-lp1.cdn.nintendo.net/i/c/38a6ead82da44173a9e1e9aaab3b467b_1024","Fitness Boxing 3: Your Personal Trainer","12/5/24","$49.99","Regular Price:","Games","Free demo"
"https://www.nintendo.com/us/store/products/mario-and-luigi-brothership-switch/","https://assets.nintendo.com/image/fetch/q_auto/f_auto/https://atum-img-lp1.cdn.nintendo.net/i/c/43f1dce5d6f44383a832f4135d0b7bf5_1024","Mario & Luigi™: Brothership","11/7/24","$59.99","Regular Price:","Games",""
"https://www.nintendo.com/us/store/products/lunar-remastered-collection-switch/","https://assets.nintendo.com/image/fetch/q_auto/f_auto/https://atum-img-lp1.cdn.nintendo.net/i/c/29b6eb764cca410cbe28d36d7309a03b_1024","LUNAR Remastered Collection","4/18/25","$49.99","Regular Price:","Games","New!"
"https://www.nintendo.com/us/store/products/rusty-rabbit-switch/","https://assets.nintendo.com/image/fetch/q_auto/f_auto/https://atum-img-lp1.cdn.nintendo.net/i/c/ad0d1b371c4345b7909c638330818ad2_1024","Rusty Rabbit","4/17/25","$19.99","Regular Price:","Games","New!"
"https://www.nintendo.com/us/store/products/phantom-breaker-battle-grounds-ultimate-switch/","https://assets.nintendo.com/image/fetch/q_auto/f_auto/https://atum-img-lp1.cdn.nintendo.net/i/c/5dc6aa8f296a4eb7a6decd5ab92e2f69_1024","Phantom Breaker: Battle Grounds Ultimate","4/17/25","$24.99","Regular Price:","Games","New!"
"https://www.nintendo.com/us/store/products/monument-valley-switch/","https://assets.nintendo.com/image/fetch/q_auto/f_auto/https://atum-img-lp1.cdn.nintendo.net/i/c/79c63e20d4734081b79cc6ca4197c2ee_1024","Monument Valley","4/15/25","$9.99","Regular Price:","Games","New!"
"https://www.nintendo.com/us/store/products/monument-valley-2-switch/","https://assets.nintendo.com/image/fetch/q_auto/f_auto/https://atum-img-lp1.cdn.nintendo.net/i/c/af94dc10a3054c738b17ccba4b4fc2f8_1024","Monument Valley 2","4/15/25","$9.99","Regular Price:","Games","New!"
"https://www.nintendo.com/us/store/products/star-overdrive-switch/","https://assets.nintendo.com/image/fetch/q_auto/f_auto/https://atum-img-lp1.cdn.nintendo.net/i/c/aee916f32fc648809ab5269eb24e3132_1024","Star Overdrive","4/10/25","$34.99","Regular Price:","Games","New!"
"https://www.nintendo.com/us/store/products/pilo-and-the-holobook-switch/","https://assets.nintendo.com/image/fetch/q_auto/f_auto/https://atum-img-lp1.cdn.nintendo.net/i/c/47e2a7488e7646538da19c25dae653cb_1024","Pilo and the Holobook","4/10/25","$12.99","Current Price:","Games","Sale ends:"
"https://www.nintendo.com/us/store/products/progress-orders-switch/","https://assets.nintendo.com/image/fetch/q_auto/f_auto/https://atum-img-lp1.cdn.nintendo.net/i/c/24cdf968e10e473f8aea56b5cc28eb66_1024","PROGRESS ORDERS","4/10/25","$19.99","Regular Price:","Games","New!"
"https://www.nintendo.com/us/store/products/battlefield-waltz-switch/","https://assets.nintendo.com/image/fetch/q_auto/f_auto/https://atum-img-lp1.cdn.nintendo.net/i/c/0b0e620cc98c4b7ba7d12d65b70d1a66_1024","Battlefield Waltz","4/8/25","$49.99","Regular Price:","Games",""
"https://www.nintendo.com/us/store/products/the-renovator-origins-switch/","https://assets.nintendo.com/image/fetch/q_auto/f_auto/https://atum-img-lp1.cdn.nintendo.net/i/c/4169bf23ccc3443aa023a596356334cc_1024","The Renovator: Origins","4/4/25","$14.99","Regular Price:","Games",""
"https://www.nintendo.com/us/store/products/care-bears-unlock-the-magic-switch/","https://assets.nintendo.com/image/fetch/q_auto/f_auto/https://atum-img-lp1.cdn.nintendo.net/i/c/8361e8e1bcea4eae83f1329eb2d53dd7_1024","Care Bears : Unlock The Magic","3/27/25","$29.99","Regular Price:","Games",""
"https://www.nintendo.com/us/store/products/saga-frontier-2-remastered-switch/","https://assets.nintendo.com/image/fetch/q_auto/f_auto/https://atum-img-lp1.cdn.nintendo.net/i/c/b6d6c7b3191d4123b30392f8230278cd_1024","SaGa Frontier 2 Remastered","3/27/25","$29.99","Regular Price:","Games",""
"https://www.nintendo.com/us/store/products/disney-villains-cursed-cafe-switch/","https://assets.nintendo.com/image/fetch/q_auto/f_auto/https://atum-img-lp1.cdn.nintendo.net/i/c/6b62dc93160444af866f0cdadb3571fb_1024","Disney Villains Cursed Café","3/27/25","$14.99","Regular Price:","Games",""
"https://www.nintendo.com/us/store/products/rift-of-the-necrodancer-switch/","https://assets.nintendo.com/image/fetch/q_auto/f_auto/https://atum-img-lp1.cdn.nintendo.net/i/c/d4c6dd06a01247e5b1aa9bcad613a9c8_1024","Rift of the NecroDancer","3/27/25","$19.99","Regular Price:","Games",""
"https://www.nintendo.com/us/store/products/bubble-ghost-remake-switch/","https://assets.nintendo.com/image/fetch/q_auto/f_auto/https://atum-img-lp1.cdn.nintendo.net/i/c/c367c94f8f774cd990ccc89bee5ebccc_1024","Bubble Ghost Remake","3/27/25","$19.99","Regular Price:","Games","Free demo"
"https://www.nintendo.com/us/store/products/mlb-the-show-25-switch/","https://assets.nintendo.com/image/fetch/q_auto/f_auto/https://atum-img-lp1.cdn.nintendo.net/i/c/91847c84bdad4883a748ddfe17c41802_1024","MLB® The Show™ 25","3/18/25","$59.99","Regular Price:","Games",""
"https://www.nintendo.com/us/store/products/beyond-the-ice-palace-2-switch/","https://assets.nintendo.com/image/fetch/q_auto/f_auto/https://atum-img-lp1.cdn.nintendo.net/i/c/ee77b7c249544a4482d1cb13360196d5_1024","Beyond the Ice Palace 2","3/11/25","$19.99","Regular Price:","Games",""
"https://www.nintendo.com/us/store/products/suikoden-i-and-ii-hd-remaster-gate-rune-and-dunan-unification-wars-switch/","https://assets.nintendo.com/image/fetch/q_auto/f_auto/https://atum-img-lp1.cdn.nintendo.net/i/c/28bd10e1dc5740ecbc1540dc6dc9d36b_1024","Suikoden I&II HD Remaster Gate Rune and Dunan Unification Wars","3/6/25","$49.99","Regular Price:","Games",""
"https://www.nintendo.com/us/store/products/morkull-ragasts-rage-switch/","https://assets.nintendo.com/image/fetch/q_auto/f_auto/https://atum-img-lp1.cdn.nintendo.net/i/c/2343342ea5244aec8c227248331a5129_1024","Morkull Ragast's Rage","3/6/25","$17.99","Current Price:","Games","Sale ends:"
"https://www.nintendo.com/us/store/products/eldrador-creatures-shadowfall-switch/","https://assets.nintendo.com/image/fetch/q_auto/f_auto/https://atum-img-lp1.cdn.nintendo.net/i/c/eb5ccfc5e53f489f8ee8c804a5d91f29_1024","ELDRADOR® CREATURES SHADOWFALL","3/6/25","$39.99","Regular Price:","Games",""
"https://www.nintendo.com/us/store/products/alruna-and-the-necro-industrialists-switch/","https://assets.nintendo.com/image/fetch/q_auto/f_auto/https://atum-img-lp1.cdn.nintendo.net/i/c/6b92273c94e0475180610544254d7bea_1024","Alruna and the Necro-Industrialists","3/5/25","$11.99","Regular Price:","Games",""
"https://www.nintendo.com/us/store/products/carmen-sandiego-switch/","https://assets.nintendo.com/image/fetch/q_auto/f_auto/https://atum-img-lp1.cdn.nintendo.net/i/c/fc3aa357ba8b4cb2ad771edb0b99b388_1024","Carmen Sandiego","3/4/25","$29.99","Regular Price:","Games",""
"https://www.nintendo.com/us/store/products/everhood-2-switch/","https://assets.nintendo.com/image/fetch/q_auto/f_auto/https://atum-img-lp1.cdn.nintendo.net/i/c/b851c57c02644eb8a5472419eadf16b3_1024","Everhood 2","3/4/25","$20.00","Regular Price:","Games",""
"https://www.nintendo.com/us/store/products/yu-gi-oh-early-days-collection-switch/","https://assets.nintendo.com/image/fetch/q_auto/f_auto/https://atum-img-lp1.cdn.nintendo.net/i/c/e7398c6d4b71451eb1aaf27cd1562095_1024","Yu-Gi-Oh! EARLY DAYS COLLECTION","2/27/25","$49.99","Regular Price:","Games",""
"https://www.nintendo.com/us/store/products/ninja-five-o-switch/","https://assets.nintendo.com/image/fetch/q_auto/f_auto/https://atum-img-lp1.cdn.nintendo.net/i/c/0625c16f486d487d9abfb684fbdecade_1024","Ninja Five-O","2/25/25","$24.99","Regular Price:","Games",""
"https://www.nintendo.com/us/store/products/stories-from-sol-the-gun-dog-switch/","https://assets.nintendo.com/image/fetch/q_auto/f_auto/https://atum-img-lp1.cdn.nintendo.net/i/c/6d0482893ed345a78663f77f7c4eece2_1024","Stories from Sol: The Gun-Dog","2/20/25","$19.99","Regular Price:","Games","Free demo"
"https://www.nintendo.com/us/store/products/godzilla-voxel-wars-switch/","https://assets.nintendo.com/image/fetch/q_auto/f_auto/https://atum-img-lp1.cdn.nintendo.net/i/c/f238e2d6a3674498bdb7d7d43f432149_1024","Godzilla Voxel Wars","2/19/25","$14.99","Regular Price:","Games",""
"https://www.nintendo.com/us/store/products/marrons-day-switch/","https://assets.nintendo.com/image/fetch/q_auto/f_auto/https://atum-img-lp1.cdn.nintendo.net/i/c/03e8cbf0ae284280a17d7fba439613f8_1024","Marron's Day","2/20/25","$9.99","Regular Price:","Games",""
"https://www.nintendo.com/us/store/products/tomb-raider-iv-vi-remastered-switch/","https://assets.nintendo.com/image/fetch/q_auto/f_auto/https://atum-img-lp1.cdn.nintendo.net/i/c/efa0dc7e84924b38b6f5756bb8c04485_1024","Tomb Raider IV-VI Remastered","2/14/25","$29.99","Regular Price:","Games",""
"https://www.nintendo.com/us/store/products/afterlove-ep-switch/","https://assets.nintendo.com/image/fetch/q_auto/f_auto/https://atum-img-lp1.cdn.nintendo.net/i/c/829ad0cacdcc4ca580241ad96f86ea77_1024","Afterlove EP","2/14/25","$19.99","Regular Price:","Games",""
"https://www.nintendo.com/us/store/products/sid-meiers-civilization-vii-switch/","https://assets.nintendo.com/image/fetch/q_auto/f_auto/https://atum-img-lp1.cdn.nintendo.net/i/c/956d36985b014dff90421b64ac562be5_1024","Sid Meier's Civilization® VII","2/11/25","$59.99","Regular Price:","Games",""
"https://www.nintendo.com/us/store/products/urban-myth-dissolution-center-switch/","https://assets.nintendo.com/image/fetch/q_auto/f_auto/https://atum-img-lp1.cdn.nintendo.net/i/c/649ad5af6de34511a840612c1ee47eb9_1024","Urban Myth Dissolution Center","2/12/25","$17.99","Regular Price:","Games",""
"https://www.nintendo.com/us/store/products/echoes-of-the-plum-grove-switch/","https://assets.nintendo.com/image/fetch/q_auto/f_auto/https://atum-img-lp1.cdn.nintendo.net/i/c/b5e6dea440904b519da3ade8f74bd457_1024","Echoes of the Plum Grove","2/13/25","$19.99","Current Price:","Games","Sale ends:"
"https://www.nintendo.com/us/store/products/moons-of-darsalon-switch/","https://assets.nintendo.com/image/fetch/q_auto/f_auto/https://atum-img-lp1.cdn.nintendo.net/i/c/929fbac06b2041efaaeb7a447462afc1_1024","Moons of Darsalon","2/6/25","$17.99","Regular Price:","Games",""
"https://www.nintendo.com/us/store/products/citizen-sleeper-2-starward-vector-switch/","https://assets.nintendo.com/image/fetch/q_auto/f_auto/https://atum-img-lp1.cdn.nintendo.net/i/c/fa481be450ff4bf0a3eaa6183afba4fc_1024","Citizen Sleeper 2: Starward Vector","1/31/25","$24.99","Regular Price:","Games",""
"https://www.nintendo.com/us/store/products/hello-kitty-island-adventure-switch/","https://assets.nintendo.com/image/fetch/q_auto/f_auto/https://atum-img-lp1.cdn.nintendo.net/i/c/78bbf3fb2c604516874b5393d0cabdfa_1024","Hello Kitty Island Adventure","1/30/25","$39.99","Regular Price:","Games",""
"https://www.nintendo.com/us/store/products/tails-of-iron-2-whiskers-of-winter-deluxe-edition-switch/","","Tails of Iron 2: Whiskers of Winter - Deluxe Edition","1/28/25","$29.99","Current Price:","Games","Sale ends:"
"https://www.nintendo.com/us/store/products/cuisineer-switch/","https://assets.nintendo.com/image/fetch/q_auto/f_auto/https://atum-img-lp1.cdn.nintendo.net/i/c/efeee096b87e45d5bfa159f9f949f53e_1024","Cuisineer","1/28/25","$29.99","Regular Price:","Games",""
"https://www.nintendo.com/us/store/products/star-wars-episode-i-jedi-power-battles-switch/","https://assets.nintendo.com/image/fetch/q_auto/f_auto/https://atum-img-lp1.cdn.nintendo.net/i/c/c736f99b8c354e2dac2042789460f8b2_1024","Star Wars™: Episode I: Jedi Power Battles™","1/23/25","$19.99","Regular Price:","Games",""
"https://www.nintendo.com/us/store/products/tales-of-graces-f-remastered-switch/","https://assets.nintendo.com/image/fetch/q_auto/f_auto/https://atum-img-lp1.cdn.nintendo.net/i/c/58b29dbe5822450196469cb76af9796e_1024","Tales of Graces f Remastered","1/17/25","$39.99","Current Price:","Games","Sale ends:"
"","","","","","","",""